Action;SectionID;ParentSectionID;Duration;Complexity
shared3p::init_uint64_vec;1;0;8;1
shared3p::assign_uint64_vec;2;0;5;1
shared3p::init_bool_vec;3;0;12;1
shared3p::assign_bool_vec;4;0;9;1
shared3p::init_uint64_vec;5;0;8;1
shared3p::assign_uint64_vec;6;0;5;1
shared3p::init_bool_vec;7;0;12;1
shared3p::assign_bool_vec;8;0;9;1
shared3p::assign_uint64_vec;9;0;5;1
shared3p::get_shares_uint64_vec;10;0;2;1
shared3p::get_shares_uint64_vec;11;0;2;1
shared3p::assign_bool_vec;12;0;9;1
shared3p::get_shares_bool_vec;13;0;3;1
shared3p::get_shares_bool_vec;14;0;3;1
shared3p::declassify_uint64_vec;15;0;356;1
shared3p::declassify_bool_vec;16;0;5000;1
shared3p::init_uint64_vec;17;0;8;1
shared3p::assign_uint64_vec;18;0;5;1
shared3p::init_bool_vec;19;0;12;1
shared3p::assign_bool_vec;20;0;9;1
shared3p::assign_uint64_vec;21;0;5;1
shared3p::get_shares_uint64_vec;22;0;2;1
shared3p::get_shares_uint64_vec;23;0;2;1
shared3p::assign_bool_vec;24;0;9;1
shared3p::get_shares_bool_vec;25;0;3;1
shared3p::get_shares_bool_vec;26;0;3;1
shared3p::declassify_uint64_vec;27;0;356;1
shared3p::declassify_bool_vec;28;0;5000;1
shared3p::init_uint64_vec;29;0;8;1
shared3p::assign_uint64_vec;30;0;5;1
shared3p::init_bool_vec;31;0;12;1
shared3p::assign_bool_vec;32;0;9;1
shared3p::assign_uint64_vec;33;0;5;1
shared3p::get_shares_uint64_vec;34;0;2;1
shared3p::get_shares_uint64_vec;35;0;2;1
shared3p::assign_bool_vec;36;0;9;1
shared3p::get_shares_bool_vec;37;0;3;1
shared3p::get_shares_bool_vec;38;0;3;1
shared3p::declassify_uint64_vec;39;0;356;1
shared3p::declassify_bool_vec;40;0;5000;1
shared3p::init_uint64_vec;41;0;8;1
shared3p::assign_uint64_vec;42;0;5;1
shared3p::init_bool_vec;43;0;12;1
shared3p::assign_bool_vec;44;0;9;1
shared3p::assign_uint64_vec;45;0;5;1
shared3p::get_shares_uint64_vec;46;0;2;1
shared3p::get_shares_uint64_vec;47;0;2;1
shared3p::assign_bool_vec;48;0;9;1
shared3p::get_shares_bool_vec;49;0;3;1
shared3p::get_shares_bool_vec;50;0;3;1
shared3p::declassify_uint64_vec;51;0;356;1
shared3p::declassify_bool_vec;52;0;5000;1
shared3p::init_uint64_vec;53;0;8;1
shared3p::assign_uint64_vec;54;0;5;1
shared3p::init_bool_vec;55;0;12;1
shared3p::assign_bool_vec;56;0;9;1
shared3p::assign_uint64_vec;57;0;5;1
shared3p::get_shares_uint64_vec;58;0;2;1
shared3p::get_shares_uint64_vec;59;0;2;1
shared3p::assign_bool_vec;60;0;9;1
shared3p::get_shares_bool_vec;61;0;3;1
shared3p::get_shares_bool_vec;62;0;3;1
shared3p::declassify_uint64_vec;63;0;356;1
shared3p::declassify_bool_vec;64;0;5000;1
shared3p::set_shares_uint64_vec;65;0;3;5
shared3p::init_uint64_vec;66;0;8;5
shared3p::set_shares_uint64_vec;67;0;3;5
shared3p::assign_uint64_vec;68;0;5;5
shared3p::assign_uint64_vec;69;0;5;5
shared3p::assign_uint64_vec;70;0;5;5
shared3p::assign_uint64_vec;71;0;5;5
shared3p::set_shares_bool_vec;72;0;3;5
shared3p::init_bool_vec;73;0;12;5
shared3p::set_shares_bool_vec;74;0;3;5
shared3p::assign_bool_vec;75;0;9;5
shared3p::assign_bool_vec;76;0;9;5
shared3p::assign_bool_vec;77;0;9;5
shared3p::assign_bool_vec;78;0;9;5
shared3p::declassify_uint64_vec;79;0;356;5
shared3p::declassify_bool_vec;80;0;5000;5
